{
  "phi_full_vs_biased": 0.9995370803979144,
  "phi_full_vs_biased_ipw": 0.999655489980842,
  "phi_mean_diff_full_vs_biased": 0.05498015135526657,
  "phi_mean_diff_full_vs_biased_ipw": 0.05291484296321869,
  "lambda_full_vs_biased": 0.9999890410897957,
  "lambda_full_vs_biased_ipw": 0.9999938330716093,
  "pi_full_vs_biased": 0.9876856931258898,
  "pi_full_vs_biased_ipw": 0.9930722914871116,
  "n_batches": 5,
  "n_train_per_batch": 20000
}