{
  "phi_full_vs_biased": 0.999537314563825,
  "phi_full_vs_biased_ipw": 0.9996583868873209,
  "phi_mean_diff_full_vs_biased": 0.05521078780293465,
  "phi_mean_diff_full_vs_biased_ipw": 0.0523252859711647,
  "lambda_full_vs_biased": 0.9999893858942688,
  "lambda_full_vs_biased_ipw": 0.9999948343081358,
  "pi_full_vs_biased": 0.9874068972749585,
  "pi_full_vs_biased_ipw": 0.993270129583666,
  "n_batches": 5,
  "n_train_per_batch": 20000
}